2023,2022,2021,2020,NM_MUN,Average Maximum Temperature,Average Temperature,Average Precipitation,Average Rainfall,Municipalities
3358,1333,10,1057,Adamantina,29.666666666666668,0.9899375355551464,10.424999999999999,-0.9437395318162523,0
19,190,118,11,Adolfo,29.25,1.2461117072874852,10.424999999999999,-1.1293956359386579,1
12,10,21,2153,Aguaí,27.75,-0.7008119978782996,11.525,0.5955610783125568,2
11,0,1,27,Águas da Prata,27.333333333333332,-1.008221003957108,11.591666666666669,0.6502003747789615,3
5,22,4,4,Águas de Lindóia,26.166666666666668,-1.4693345130753206,11.933333333333332,0.9856739046963487,4
8,50,29,0,Águas de Santa Bárbara,27.666666666666668,-0.06891570760519522,10.516666666666666,-0.2594753674663719,5
1,25,11,21,Águas de São Pedro,27.916666666666668,-0.39340299179949123,10.891666666666666,-0.33624455820053034,6
2797,260,16,40,Agudos,28.0,0.016475682972251795,10.416666666666666,-0.31861897869523864,7
2,1,115,3,Alambari,26.88888888888889,-0.8203599446867241,10.888888888888891,-0.7847176367240664,8
575,308,10,168,Alfredo Marcondes,29.777777777777775,0.8020764762847625,10.322222222222223,-0.3053018741801288,9
13,44,37,2,Altair,29.416666666666668,0.6312936951298685,10.797222222222222,-0.5410929600064771,10
52,12,8,27,Altinópolis,27.833333333333332,-0.6495771635318323,11.6,0.6942643235421928,11
13,341,210,32,Alto Alegre,29.375,1.1692594557677831,10.358333333333333,-1.1117700564333661,12
15,7,13,8,Alumínio,25.604166666666664,-1.3540561357957674,11.385416666666666,-0.1876021710392358,13
28,443,60,87,Álvares Florence,29.625,0.9130852840354443,10.683333333333334,-0.5765399587893407,14
2124,640,29,432,Álvares Machado,29.75,0.7849981981692727,10.35,-0.3080436309920632,15
121,130,124,14,Álvaro de Carvalho,28.027777777777775,0.20433674224263565,10.513888888888888,-0.6276541393546863,16
123,18,8,27,Alvinlândia,27.583333333333332,0.016475682972251795,10.625,-0.6535049892957814,17
678,4498,439,728,Americana,27.833333333333332,-0.3421681574530239,11.091666666666667,-0.12591264277071476,18
456,3629,29,33,Américo Brasiliense,27.833333333333332,-0.39340299179949123,11.016666666666666,-0.107112024631738,19
6,477,17,288,Américo de Campos,29.729166666666664,1.0283636613149976,10.783333333333333,-0.552157907140354,20
589,34,16,68,Amparo,26.666666666666668,-1.0594558383035775,11.758333333333333,0.8752202731298542,21
10,93,5,21,Analândia,27.395833333333332,-0.9954122953704917,10.877083333333333,0.07120008803013206,22
3128,1959,2214,1139,Andradina,29.75,0.9387027012086769,10.458333333333334,-1.407879792122268,23
15,17,56,8,Angatuba,26.75,-0.7520468322247691,10.816666666666668,-0.7063817278116565,24
120,8,21,4,Anhembi,27.333333333333332,-0.5641857729543852,10.727777777777776,-0.58026091446268,25
204,292,8,7,Anhumas,29.444444444444443,0.6996068075918279,10.41111111111111,-0.17604762447465547,26
298,56,26,710,Aparecida,27.833333333333332,-0.5983423291853649,12.958333333333334,0.7694667960981039,27
30,392,10,24,Aparecida d'Oeste,30.083333333333332,1.194876872941018,11.158333333333333,-0.9026131796372395,28
1,5,2,0,Apiaí,23.166666666666668,-2.647735703044087,11.633333333333333,0.4862824853797493,29
125,5,1,2,Araçariguama,25.73611111111111,-1.2473168975739592,11.713888888888889,0.2857425585639864,30
997,2819,1264,2430,Araçatuba,30.0,1.2461117072874852,10.333333333333334,-1.1552464858797529,31
62,29,93,41,Araçoiaba da Serra,26.583333333333332,-0.7008119978782996,10.924999999999999,-0.7216572300495762,32
8,14,0,10,Aramina,29.722222222222225,1.0582506480171057,12.044444444444446,1.3299602243663817,33
81,0,0,0,Arandu,26.75,-0.6666554416473199,10.569444444444445,-0.2814094219618475,34
0,0,0,5,Arapeí,23.916666666666668,-2.5452660343511497,13.041666666666666,1.4627395899729123,35
797,20928,368,234,Araraquara,28.0,-0.3421681574530239,10.991666666666667,-0.24694162204038472,36
64,2951,219,897,Araras,27.666666666666668,-0.7008119978782996,11.049999999999999,0.10321989079807761,37
213,106,27,40,Arco-Íris,28.666666666666668,0.5800588607834012,10.25,-0.5348260872934835,38
382,42,1,8,Arealva,28.833333333333332,0.47758919209046435,10.388888888888888,-0.5148504305208217,39
15,4,0,22,Areias,23.916666666666668,-2.5452660343511497,13.041666666666666,1.4627395899729123,40
35,16,1,1,Areiópolis,27.979166666666668,-0.16284623724038716,10.414583333333333,-0.29717452363046654,41
77,68,16,363,Ariranha,29.083333333333332,0.5288240264369338,10.713888888888889,-0.7490747981689206,42
98,381,62,152,Artur Nogueira,27.666666666666668,-0.5983423291853649,11.275,0.3229521152973816,43
114,105,26,65,Arujá,25.083333333333332,-1.776743519154129,12.408333333333333,1.5261916761919607,44
30,235,15,11,Aspásia,29.794374999999995,0.9978789348788483,10.848159722222222,-0.8786521834986533,45
3599,482,650,947,Assis,28.083333333333332,0.06771051731872131,10.483333333333333,0.09146950446121513,46
659,1138,93,186,Atibaia,26.083333333333332,-1.4180996787288531,12.033333333333333,0.9762735956268603,47
23,341,558,179,Auriflama,29.583333333333332,0.8874678668622096,10.491666666666667,-1.0189420043721633,48
20,50,12,6,Avaí,28.583333333333332,0.44343263585948905,10.477777777777776,-0.6237373439090648,49
51,314,19,57,Avanhandava,29.375,1.1692594557677831,10.358333333333333,-1.1117700564333661,50
338,96,33,16,Avaré,26.5,-0.9569861696106406,10.566666666666666,-0.33389448093315827,51
242,1208,909,187,Bady Bassitt,29.25,0.426354357743997,10.558333333333334,-0.8626618660919099,52
162,7,1,0,Balbinos,28.666666666666668,0.5288240264369338,10.408333333333333,-0.8203604752792102,53
17,449,97,14,Bálsamo,29.291666666666664,0.5288240264369317,10.695833333333333,-0.8544365956561065,54
2,4,6,3,Bananal,23.916666666666668,-2.5452660343511497,13.041666666666666,1.4627395899729123,55
299,95,5,13,Barão de Antonina,27.875,-0.009141734200982965,10.770833333333332,-0.09829923487909013,56
165,571,229,33,Barbosa,29.427083333333332,1.1884725186477088,10.416666666666666,-1.1050135842896711,57
285,20,3,99,Bariri,29.25,0.6312936951298685,10.316666666666666,-0.645279718859978,58
179,344,14,12,Barra Bonita,28.75,0.17018018601165597,10.424999999999999,-0.29159309012045853,59
2,0,0,1,Barra do Chapéu,23.166666666666668,-2.647735703044087,11.633333333333333,0.4862824853797493,60
0,12,9,163,Barra do Turvo,25.86111111111111,-0.06891570760519522,13.35277777777778,4.517840037556809,61
852,2021,79,55,Barretos,29.833333333333332,0.9899375355551464,11.183333333333332,-0.03425962934319901,62
323,488,347,641,Barrinha,29.916666666666668,0.682528529476338,11.358333333333334,0.1079200453328198,63
170,59,63,40,Barueri,25.416666666666668,-1.2131603413429817,12.041666666666666,0.9410224366162769,64
1691,647,14,766,Bastos,29.25,0.6312936951298685,10.266666666666667,-0.6053284053146504,65
786,1365,5,39,Batatais,27.916666666666668,-0.44463782614596076,11.616666666666667,0.9233968571109852,66
14367,3816,423,820,Bauru,28.583333333333332,0.426354357743997,10.466666666666667,-0.5395262418282277,67
342,528,8,319,Bebedouro,29.666666666666668,0.682528529476338,11.158333333333333,-0.29629324465520274,68
42,69,27,44,Bento de Abreu,29.861111111111114,1.0411723699016138,10.427777777777777,-1.1270455586712858,69
40,7,1,12,Bernardino de Campos,27.416666666666668,-0.23969848876008706,10.575000000000001,-0.16233884041498325,70
1424,157,509,58,Bertioga,27.916666666666668,1.092407204248081,12.549999999999999,2.0784598340244353,71
10,176,54,63,Bilac,29.833333333333336,1.1692594557677831,10.316666666666666,-1.1517213699786937,72
1776,9662,631,630,Birigui,29.666666666666668,1.092407204248081,10.299999999999999,-1.1481962540776345,73
13,61,11,6,Biritiba Mirim,24.166666666666668,-1.9304480221935332,12.575000000000001,1.6307701145900262,74
1741,884,9,52,Boa Esperança do Sul,28.583333333333332,0.2214150203581255,10.833333333333334,-0.5113253146197605,75
14,311,0,48,Bocaina,28.722222222222218,0.3068064109355725,10.597222222222221,-0.5540183849770206,76
8,4,63,0,Bofete,26.861111111111114,-0.7378149337951942,10.718518518518517,-0.6569648252727438,77
149,87,562,77,Boituva,27.416666666666668,-0.7008119978782996,10.841666666666667,-0.8227105525465802,78
40,67,10,14,Bom Jesus dos Perdões,25.75,-1.52056934742179,12.15,1.0726267635891222,79
0,1,1,0,Bom Sucesso de Itararé,24.083333333333332,-2.272013584503321,11.466666666666667,0.33705257890161217,80
26,80,0,19,Borá,28.583333333333332,0.426354357743997,10.4625,-0.16468891768235536,81
160,19,1,2,Boracéia,28.916666666666668,0.5800588607834012,10.391666666666667,-0.5430513577292868,82
747,1572,32,141,Borborema,29.416666666666668,1.2461117072874852,10.450000000000001,-0.9190637205088422,83
68,167,0,5,Borebi,27.5,-0.35924643556851593,10.444444444444445,-0.30177675827907163,84
426,270,55,43,Botucatu,25.916666666666668,-1.3156300100359164,10.674999999999999,-0.597103134878847,85
183,250,45,196,Bragança Paulista,25.916666666666668,-1.6230390161147248,11.983333333333334,1.0044745228353276,86
178,296,59,66,Braúna,29.4375,1.130833330007932,10.325,-1.1029572666807201,87
46,191,14,43,Brejo Alegre,29.625,1.1436420385945485,10.2875,-1.1258705200375987,88
803,68,21,72,Brodowski,28.25,-0.3421681574530239,11.508333333333333,0.7753419892665351,89
74,418,181,267,Brotas,27.583333333333332,-0.44463782614596076,10.85,-0.31391882416049444,90
28,4,525,0,Buri,26.083333333333332,-1.1106906726500447,11.049999999999999,-0.36797060131005666,91
12,1641,964,534,Buritama,29.583333333333332,1.194876872941018,10.275,-1.1035447859975627,92
120,50,1,18,Buritizal,28.930555555555557,0.5459023045524237,12.084027777777779,1.4224945167691634,93
8,50,2,1,Cabrália Paulista,28.458333333333336,0.4007369405707644,10.575,-0.35563269565635164,94
151,41,64,78,Cabreúva,26.083333333333332,-1.1619255069965122,11.549999999999999,-0.001358547599987668,95
362,165,45,127,Caçapava,27.583333333333332,-0.7008119978782996,12.575000000000001,0.7212902121169729,96
25,15,15,502,Cachoeira Paulista,28.0,-0.7008119978782996,12.725000000000001,0.7365657143548905,97
16,6,4,25,Caconde,26.666666666666668,-1.264395175689449,11.608333333333334,0.36642854474376435,98
171,81,559,74,Cafelândia,29.166666666666668,1.0411723699016138,10.641666666666667,-0.9930911544310682,99
89,82,0,20,Caiabu,29.5,0.7081459466495728,10.416666666666668,-0.289830532169929,100
41,87,74,35,Caieiras,25.333333333333332,-1.264395175689449,12.041666666666666,0.921046779843611,101
123,74,6,209,Caiuá,30.944444444444443,1.3998162103268894,10.450000000000001,-0.7400661686439906,102
64,140,107,29,Cajamar,25.333333333333332,-1.4180996787288531,11.916666666666666,0.7788671051675923,103
9,5,14,1380,Cajati,26.25,0.016475682972251795,13.258333333333333,3.9138701798421467,104
547,241,24,45,Cajobi,29.791666666666664,0.861850449688977,10.747916666666665,-0.5627332548435294,105
32,142,30,91,Cajuru,28.083333333333332,-0.5471074948388954,11.549999999999999,0.3640784674763943,106
5,0,3,9,Campina do Monte Alegre,26.333333333333332,-0.9911427258416203,10.936111111111112,-0.5943613780669146,107
11296,11266,2351,3961,Campinas,27.083333333333332,-0.8032816665712365,11.366666666666667,0.33117738573318495,108
130,105,14,21,Campo Limpo Paulista,25.5,-1.4180996787288531,11.833333333333334,0.7800421438012773,109
4,5,6,5,Campos do Jordão,21.25,-5.004538082981618,12.433333333333332,0.43693086276493126,110
310,212,6,55,Campos Novos Paulista,27.833333333333332,0.06771051731872131,10.508333333333333,-0.4090969534890713,111
12,2,9,62,Cananéia,24.833333333333332,-0.29093332310655656,13.616666666666667,5.8738346208305865,112
4,3,4,135,Canas,28.166666666666664,-0.5983423291853628,12.8,0.7641791222465152,113
1156,61,57,308,Cândido Mota,28.583333333333332,0.47758919209046435,10.525,0.13259585664022983,114
207,96,1,34,Cândido Rodrigues,29.0,0.3495021062242949,10.9625,-0.6164912723346704,115
367,73,6,64,Canitar,28.583333333333332,0.47758919209046435,10.541666666666666,-0.06481063381903626,116
557,27,200,3,Capão Bonito,24.75,-1.7255086848076615,11.5,0.005691684202130624,117
168,31,641,19,Capela do Alto,27.25,-0.6495771635318323,10.875,-0.7945096253381151,118
88,157,251,56,Capivari,28.166666666666668,-0.29093332310655656,10.683333333333332,-0.6147287143841408,119
1111,336,136,691,Caraguatatuba,28.416666666666668,0.9387027012086769,12.541666666666666,0.8399691141192708,120
96,153,53,18,Carapicuíba,25.25,-1.264395175689449,12.116666666666667,1.0103497160037587,121
44,224,121,181,Cardoso,29.833333333333332,1.1436420385945507,10.883333333333333,-0.5277758554913672,122
108,10,10,770,Casa Branca,27.833333333333332,-0.7008119978782996,11.458333333333334,0.34175273343635837,123
19,18,9,13,Cássia dos Coqueiros,28.333333333333332,-0.3677855746262565,11.5625,0.392866914001704,124
384,580,1135,493,Castilho,29.916666666666668,1.0411723699016138,10.591666666666667,-1.4231552943601877,125
1248,3724,453,7559,Catanduva,29.333333333333332,0.8362330325157422,10.591666666666667,-0.8262356684476414,126
65,346,23,60,Catiguá,29.333333333333332,0.8362330325157422,10.591666666666667,-0.8262356684476414,127
111,845,157,69,Cedral,29.194444444444443,0.40927607962850937,10.669444444444444,-0.7580834276938466,128
331,12,1,4,Cerqueira César,26.583333333333332,-0.6495771635318323,10.541666666666666,-0.25986704701093427,129
80,254,176,35,Cerquilho,27.666666666666668,-0.44463782614596076,10.758333333333333,-0.8097851275760347,130
34,184,447,3,Cesário Lange,27.722222222222225,-0.47879438237694044,10.769444444444446,-0.8039099344076035,131
151,581,238,101,Charqueada,28.166666666666668,-0.39340299179949123,10.858333333333334,-0.20581526986137003,132
8,262,43,142,Clementina,29.635416666666668,1.1500463928878577,10.320833333333333,-1.127339318329707,133
163,172,36,13,Colina,29.770833333333332,0.8106156153425075,10.995833333333334,-0.3500512621463437,134
345,215,5,9,Colômbia,30.041666666666664,1.194876872941018,11.458333333333332,0.3182519607626354,135
63,43,15,2161,Conchal,27.833333333333332,-0.5983423291853649,11.275,0.34175273343635837,136
678,2,327,5,Conchas,27.916666666666668,-0.08599398572068287,10.691666666666665,-0.715782036881145,137
38,276,998,588,Cordeirópolis,27.5,-0.8545165009177038,10.883333333333333,0.05739338408431673,138
97,499,15,24,Coroados,29.63958333333333,1.1372376843012393,10.309999999999999,-1.1312169458208716,139
26,0,0,2,Coronel Macedo,27.333333333333336,-0.3524151243223169,10.718333333333334,-0.14706333817706563,140
22,22,7,6,Corumbataí,27.5125,-0.8622017260696736,10.94875,0.02748865085700626,141
312,559,25,106,Cosmópolis,28.0,-0.3421681574530239,11.266666666666666,0.19957305876033554,142
34,326,476,83,Cosmorama,29.505208333333332,0.7753916667293121,10.677083333333334,-0.6291963775614009,143
115,270,34,51,Cotia,24.916666666666668,-1.5718041817682573,12.125,1.0268002568753614,144
383,705,24,263,Cravinhos,28.25,-0.39340299179949123,11.25,0.25832499044464396,145
21,66,5,2,Cristais Paulista,27.0,-0.7008119978783018,12.087499999999999,1.4439389718339335,146
180,28,11,97,Cruzália,28.875,0.6312936951298708,10.5625,0.12378306688758395,147
40,23,26,4414,Cruzeiro,28.083333333333332,-0.5983423291853649,12.591666666666667,0.8070680323760574,148
61,47,2625,769,Cubatão,28.25,1.3998162103268894,12.6,2.4168709605260355,149
65,3,2,12,Cunha,23.916666666666668,-2.5452660343511497,13.041666666666666,1.4627395899729123,150
47,851,28,35,Descalvado,27.75,-0.7008119978782996,10.833333333333334,0.15609662931395277,151
263,359,396,180,Diadema,24.583333333333332,-1.52056934742179,12.491666666666667,1.6554459258974341,152
38,251,3,38,Dirce Reis,29.625,0.8874678668622096,10.6375,-0.9002631023698654,153
4,11,0,6,Divinolândia,27.166666666666668,-1.0082210039571102,11.583333333333332,0.4574940388544376,154
331,286,5,29,Dobrada,29.0,0.2897281328200805,11.049999999999999,-0.4470898693115892,155
288,72,0,106,Dois Córregos,27.333333333333332,-0.5983423291853649,10.75,-0.45139834430176906,156
54,250,40,38,Dolcinópolis,29.666666666666668,0.8874678668622096,10.783333333333333,-0.7815842003675676,157
488,238,3,4,Dourado,28.037037037037035,-0.13153606069532245,10.750925925925927,-0.4334463651760097,158
3142,1774,422,2636,Dracena,30.5,1.1692594557677831,10.227083333333333,-0.7845217969517823,159
12,671,12,46,Duartina,28.5,0.3751195233975297,10.558333333333334,-0.5113253146197605,160
207,226,6,204,Dumont,29.729166666666664,0.5544414436101687,11.335416666666667,0.22483638938458808,161
598,31,118,23,Echaporã,28.083333333333332,0.17018018601165597,10.475,-0.29041805148677147,162
3,0,14,107,Eldorado,26.28888888888889,-0.2157888993984026,12.77388888888889,2.9884097519509605,163
6,12,8,4,Elias Fausto,27.75,-0.39340299179949123,10.883333333333333,-0.45727353747020033,164
14,264,8,65,Elisiário,29.416666666666668,1.0070158136706362,10.602777777777778,-0.8552199547452333,165
72,274,2,35,Embaúba,29.569444444444443,0.8447721715734872,10.62986111111111,-0.6816079966181074,166
179,117,51,51,Embu das Artes,24.916666666666668,-1.5718041817682573,12.283333333333333,1.3287851857326947,167
29,10,13,13,Embu-Guaçu,24.416666666666668,-1.6230390161147248,12.525,1.970356279725311,168
436,20,2,17,Emilianópolis,30.305555555555557,1.0582506480171014,10.225,-0.6296125370774981,169
31,48,30,164,Engenheiro Coelho,27.7,-0.6188362629239532,11.218333333333334,0.30415149715840284,170
52,682,10,93,Espírito Santo do Pinhal,27.31666666666667,-0.8955043683948781,11.633333333333333,0.7332756061805724,171
12,252,1,2,Espírito Santo do Turvo,28.208333333333336,0.2214150203581233,10.504166666666666,-0.25927952769408974,172
43,382,41,719,Estrela d'Oeste,29.583333333333336,0.8106156153425075,10.754166666666666,-0.7416328868222399,173
571,37,0,83,Estrela do Norte,29.5,0.682528529476338,10.424999999999999,-0.09536163829487751,174
359,754,20,200,Euclides da Cunha Paulista,30.25,1.2461117072874852,10.924999999999999,0.023317263707422344,175
59,77,5,6,Fartura,28.0,0.11894535166518864,10.683333333333332,-0.12356256550334266,176
193,994,2435,1061,Fernandópolis,29.5,0.7337633638228054,10.725,-0.7016815732769123,177
503,93,5,23,Fernando Prestes,29.083333333333332,0.4818587616193357,10.761342592592593,-0.7180994741864726,178
5,24,3,34,Fernão,28.5,0.3751195233975297,10.558333333333334,-0.5113253146197605,179
152,414,81,61,Ferraz de Vasconcelos,24.916666666666668,-1.8792131878470657,12.433333333333332,1.6836468531059012,180
247,0,0,35,Flora Rica,30.161111111111115,1.0138471249168308,10.266666666666666,-0.7380294350122691,181
16,300,47,33,Floreal,29.375,0.6312936951298708,10.404166666666665,-0.7404578481885529,182
599,229,16,192,Flórida Paulista,30.166666666666668,1.092407204248081,10.316666666666666,-0.9437395318162523,183
37,11,4,1,Florínea,28.73611111111111,0.5629805826679135,10.545833333333333,0.14336704411568743,184
1755,7174,432,388,Franca,26.916666666666668,-0.8032816665712365,12.033333333333333,1.3287851857326947,185
337,181,38,52,Francisco Morato,25.25,-1.5718041817682573,12.016666666666667,0.8528945390898183,186
769,163,43,102,Franco da Rocha,25.416666666666668,-1.4180996787288531,12.058333333333332,0.895195929902516,187
24,479,21,50,Gabriel Monteiro,29.8671875,1.1644561900478019,10.334375,-1.1488572133090835,188
76,306,5,6,Gália,28.15,0.24532460971980996,10.568888888888889,-0.5906795903480281,189
280,8076,221,767,Garça,27.583333333333332,0.016475682972251795,10.625,-0.6535049892957814,190
9,352,16,189,Gastão Vidigal,29.354166666666664,0.6056762779566359,10.364583333333332,-0.7980347412391723,191
144,303,23,12,Gavião Peixoto,28.5,0.016475682972251795,10.941666666666668,-0.42398077618242463,192
25,1333,34,343,General Salgado,29.416666666666668,0.682528529476338,10.433333333333334,-0.9449145704499373,193
148,36,17,48,Getulina,28.825,0.8106156153425053,10.458333333333332,-0.8328158847962817,194
5,335,14,21,Glicério,29.55708333333333,1.1397994260185647,10.297833333333331,-1.1115467990929644,195
331,102,52,38,Guaiçara,29.102083333333333,1.0988115585413882,10.477083333333333,-1.042619032840939,196
109,131,15,216,Guaimbê,28.727083333333333,0.7529764267027309,10.552083333333334,-0.828468241851645,197
1017,456,111,115,Guaíra,30.25,1.3998162103268894,11.733333333333333,0.6707635508684698,198
241,616,437,174,Guapiaçu,29.083333333333332,0.3751195233975297,10.766666666666666,-0.6746556847021322,199
51,1,3,0,Guapiara,24.375,-1.9944915651266188,11.335416666666665,0.14963391682867902,200
23,8,2,12,Guará,29.916666666666668,0.9387027012086769,11.9,1.2723833313157604,201
88,1493,30,67,Guaraçaí,30.020833333333332,1.092407204248081,10.429166666666667,-1.2683439543720427,202
29,162,92,10,Guaraci,29.75,0.8874678668622096,10.92685185185185,-0.3669261225245571,203
27,46,139,134,Guarani d'Oeste,29.541666666666668,0.7721894895826564,10.739583333333332,-0.7216572300495762,204
47,23,547,55,Guarantã,28.62037037037037,0.5914443795270611,10.521296296296297,-0.8137019230216542,205
959,820,196,1495,Guararapes,30.0,1.092407204248081,10.366666666666667,-1.1611216790481842,206
131,262,184,84,Guararema,26.083333333333332,-1.1619255069965122,12.633333333333333,1.4603895127055402,207
495,50,28,3172,Guaratinguetá,27.833333333333332,-0.5983423291853649,12.991666666666667,0.7859173369697086,208
24,4,11,7,Guareí,26.922222222222224,-0.738953485669559,10.822037037037038,-0.7486700626395373,209
210,1207,51,48,Guariba,28.833333333333332,0.17018018601165597,11.25,-0.17996441992027898,210
1495,176,2209,399,Guarujá,27.333333333333332,1.092407204248081,12.516666666666666,2.8880614526341697,211
1860,1066,1025,285,Guarulhos,25.166666666666668,-1.5718041817682573,12.25,1.2958841039894835,212
332,167,35,80,Guatapará,29.4125,0.3597490730935901,11.30875,0.20885586396645742,213
53,89,26,12,Guzolândia,29.583333333333332,0.8874678668622096,10.491666666666667,-1.0189420043721633,214
549,243,114,493,Herculândia,28.63888888888889,0.5459023045524215,10.299999999999999,-0.5015333260057098,215
39,146,101,23,Holambra,27.694444444444443,-0.5214900776656628,11.401388888888889,0.47805721494394593,216
1131,1143,511,1067,Hortolândia,27.666666666666668,-0.4958726604924281,11.216666666666667,-0.01780908847159234,217
319,186,3,22,Iacanga,29.13888888888889,0.8020764762847625,10.396296296296297,-0.7647419799514006,218
416,351,27,218,Iacri,28.861111111111114,0.5971371388988889,10.255555555555555,-0.5583268599672044,219
3,252,31,7,Iaras,27.25,-0.40364995866878645,10.497222222222222,-0.29472652647695335,220
179,1407,5,26,Ibaté,27.25,-1.264395175689449,10.891666666666666,-0.060110479284294076,221
78,841,21,622,Ibirá,29.381944444444443,0.900276575448828,10.622222222222224,-0.838181894556784,222
317,14,62,26,Ibirarema,28.166666666666664,0.17018018601165816,10.524999999999999,-0.13942558705810681,223
1317,518,90,77,Ibitinga,29.166666666666668,0.682528529476338,10.35,-0.8603117888245378,224
19,15,15,17,Ibiúna,24.25,-2.03291769088647,11.783333333333333,0.2747755313162486,225
66,198,156,16,Icém,29.444444444444446,0.665450251360846,10.849691358024693,-0.44373883320811136,226
1828,117,5,294,Iepê,29.0,0.6312936951298685,10.55,-0.18623129263327057,227
160,45,5,10,Igaraçu do Tietê,28.75,0.27264985470459285,10.450000000000001,-0.30216843782363195,228
377,77,4,37,Igarapava,29.5,0.8874678668622096,12.191666666666668,1.4874154012803202,229
3,6,6,5,Igaratá,26.2,-1.3668648443823836,12.418333333333333,1.2173915232592503,230
35,9,19,45,Iguape,26.916666666666668,0.6312936951298685,12.950000000000001,4.500214458051517,231
333,525,947,379,Ilhabela,27.583333333333332,0.9387027012086769,11.983333333333334,0.04799307501482835,232
126,6,2,32,Ilha Comprida,25.875,0.17018018601165597,13.283333333333335,5.187024539441052,233
266,65,589,208,Ilha Solteira,29.833333333333332,1.3485813759804222,10.575000000000001,-1.1998979539598247,234
800,1551,102,267,Indaiatuba,27.333333333333332,-0.5983423291853649,11.174999999999999,-0.15176349271180983,235
594,238,4,74,Indiana,29.4375,0.7017415923562635,10.420833333333334,-0.25883888820645784,236
18,12,474,165,Indiaporã,29.541666666666668,0.7721894895826564,10.739583333333332,-0.7216572300495762,237
298,268,1,370,Inúbia Paulista,29.625,0.8874678668622096,10.441666666666666,-0.8767623296961424,238
198,29,21,19,Ipaussu,27.916666666666668,0.016475682972251795,10.633333333333333,-0.12238752686965762,239
31,28,447,1439,Iperó,27.583333333333332,-0.6495771635318323,10.883333333333333,-0.8274107070813265,240
34,53,18,101,Ipeúna,27.75,-0.6495771635318323,10.86875,-0.20317143293557668,241
26,45,287,88,Ipiguá,29.208333333333336,0.45197177491722956,10.754166666666666,-0.5800650746903998,242
1,0,1,93,Iporanga,24.922916666666666,-1.2317329687935747,12.273854166666668,2.035541547929049,243
63,93,3,7,Ipuã,30.083333333333332,0.9899375355551464,11.791666666666666,1.1325537339071117,244
20,87,459,128,Iracemápolis,27.666666666666668,-0.5983423291853649,10.858333333333334,-0.1341379132065181,245
194,54,22,111,Irapuã,29.5,1.3229639588071895,10.558333333333334,-0.9120134887067259,246
522,152,263,40,Irapuru,30.203055555555558,1.0766951883818305,10.324166666666667,-1.0438959081562122,247
9,8,22,1,Itaberá,26.416666666666668,-0.9569861696106406,10.858333333333334,-0.12121248823597257,248
38,4,159,23,Itaí,27.166666666666668,-0.39340299179949123,10.6,-0.25046673794144586,249
68,1257,103,182,Itajobi,29.5,1.2461117072874852,10.541666666666666,-0.9084883728056687,250
94,18,2,8,Itaju,28.99444444444444,0.5629805826679114,10.457037037037038,-0.6593018465552989,251
172,98,989,111,Itanhaém,27.583333333333332,1.194876872941018,12.533333333333333,2.4720977763092824,252
1,1,0,0,Itaoca,24.04479166666667,-1.9397343359188308,11.95359375,1.2609120166543992,253
51,46,86,17,Itapecerica da Serra,24.583333333333332,-1.6742738504611943,12.4,1.5461673329646246,254
570,69,1633,35,Itapetininga,26.166666666666668,-1.1106906726500447,10.941666666666668,-0.7087318050790306,255
16,639,379,66,Itapeva,25.583333333333332,-1.3156300100359164,10.908333333333333,-0.02485932027371063,256
38,65,17,16,Itapevi,25.083333333333332,-1.4693345130753206,12.016666666666666,0.8282187277824102,257
153,124,9,38,Itapira,27.666666666666668,-0.5983423291853649,11.641666666666666,0.917521663942554,258
0,1,1,0,Itapirapuã Paulista,23.166666666666668,-2.647735703044087,11.633333333333333,0.4862824853797493,259
4472,293,147,1670,Itápolis,29.166666666666668,0.682528529476338,10.4,-0.8767623296961444,260
12,473,156,13,Itaporanga,27.75,-0.1372288200671524,10.858333333333334,-0.07303590425483959,261
16,148,3,21,Itapuí,28.833333333333332,0.5288240264369338,10.466666666666667,-0.5160254691545068,262
27,33,65,22,Itapura,29.833333333333332,1.109485482363571,10.541666666666666,-1.3436443468140928,263
196,365,144,43,Itaquaquecetuba,25.0,-1.7255086848076615,12.391666666666666,1.6378203463921424,264
458,67,532,38,Itararé,25.916666666666668,-1.52056934742179,11.133333333333333,0.03859276594533997,265
11,4,8,277,Itariri,27.083333333333336,0.7849981981692727,12.745833333333334,3.4091910866739625,266
89,263,75,32,Itatiba,26.166666666666668,-1.1619255069965122,11.458333333333334,0.8834455435656555,267
24,4,1,5,Itatinga,25.666666666666668,-1.3156300100359164,10.616666666666667,-0.521900662322936,268
5,82,11,25,Itirapina,26.833333333333332,-1.264395175689449,10.924999999999999,-0.15058845407812277,269
18,267,0,3,Itirapuã,27.555555555555557,-0.6324988854163446,11.75,0.9821487887952896,270
5,16,10,191,Itobi,27.694444444444443,-0.7691251103402568,11.527777777777779,0.49724951262748707,271
1273,504,403,104,Itu,27.333333333333332,-0.5983423291853649,11.225,-0.4090969534890713,272
118,171,822,13,Itupeva,26.333333333333332,-1.0594558383035775,11.450000000000001,0.18782267242347708,273
1052,529,12,17,Ituverava,29.416666666666668,0.8362330325157422,11.958333333333334,1.313509683494775,274
223,98,6,11,Jaborandi,29.840277777777775,0.8447721715734872,11.27361111111111,0.12446850609056556,275
2712,555,257,1671,Jaboticabal,29.166666666666668,0.32388468905106016,11.275,-0.27866766514991104,276
1447,719,133,416,Jacareí,26.916666666666668,-0.9569861696106406,12.658333333333333,1.2065811678293377,277
136,278,135,23,Jaci,29.583333333333332,1.2461117072874852,10.591666666666667,-1.084744167858586,278
15,4,7,111,Jacupiranga,26.5,0.06771051731872131,13.183333333333335,3.7658153119976983,279
177,473,22,39,Jaguariúna,27.666666666666668,-0.5471074948388954,11.491666666666667,0.5920359624114996,280
134,2761,639,791,Jales,29.666666666666668,0.8874678668622096,10.783333333333333,-0.7815842003675676,281
6,4,9,9,Jambeiro,26.979166666666668,-0.9185600438507874,12.633333333333333,1.0511823085243481,282
86,27,7,31,Jandira,25.166666666666668,-1.3668648443823859,12.049999999999999,0.8857956208330277,283
398,124,20,145,Jardinópolis,29.75,0.5288240264369338,11.483333333333334,0.6695885122347848,284
128,120,7,10,Jarinu,25.583333333333332,-1.4180996787288531,11.733333333333334,0.8282187277824102,285
963,727,77,219,Jaú,28.333333333333332,0.06771051731872131,10.641666666666667,-0.5054501214513293,286
72,51,5,6,Jeriquara,28.10763888888889,0.020745252501125345,12.067881944444444,1.434758982508262,287
13,11,1,8,Joanópolis,25.25,-2.135387359579407,12.200000000000001,1.2453574427409804,288
260,98,4,113,João Ramalho,28.583333333333332,0.4605109139749767,10.51388888888889,-0.21639061756454345,289
53,2762,116,82,José Bonifácio,29.583333333333332,1.2461117072874852,10.591666666666667,-1.084744167858586,290
487,153,9,202,Júlio Mesquita,28.475046296296295,0.5315280871385529,10.547453703703704,-0.7344024824296258,291
23,2,16,1,Jumirim,28.055555555555557,-0.3080116012220464,10.725000000000001,-0.7784507640110708,292
1140,672,499,112,Jundiaí,26.083333333333332,-1.1106906726500447,11.658333333333333,0.6907392076411336,293
984,1442,389,425,Junqueirópolis,30.416666666666668,1.092407204248081,10.191666666666666,-0.9378643386478229,294
6,0,44,111,Juquiá,28.416666666666668,0.6312936951298685,12.375,2.1043106839655303,295
10,197,4,2,Juquitiba,24.666666666666668,-1.4693345130753206,12.416666666666666,1.6824718144722142,296
9,19,1,5,Lagoinha,26.833333333333332,-1.1106906726500447,12.914583333333333,0.9057712776056934,297
2713,69,227,118,Laranjal Paulista,28.25,-0.29093332310655656,10.700000000000001,-0.7510331958917283,298
205,112,29,71,Lavínia,30.055555555555554,1.1436420385945507,10.406944444444443,-1.1736554244741693,299
11,5,1,447,Lavrinhas,28.083333333333332,-0.5983423291853649,12.591666666666667,0.8070680323760574,300
72,87,58,336,Leme,27.833333333333332,-0.7008119978782996,11.016666666666666,0.1419961657097182,301
851,145,87,19,Lençóis Paulista,28.0,-0.1372288200671524,10.35,-0.25281681520881594,302
562,618,378,1647,Limeira,27.666666666666668,-0.5983423291853649,10.975,-0.006058702134731859,303
7,175,19,9,Lindóia,26.375,-1.3540561357957674,11.858333333333333,0.9601168144136749,304
4096,2028,519,1312,Lins,29.083333333333332,1.092407204248081,10.6,-1.0788689746901567,305
109,25,44,4982,Lorena,28.333333333333332,-0.4958726604924281,12.875,0.7917925301381398,306
11,125,21,145,Lourdes,29.583333333333332,1.194876872941018,10.275,-1.1035447859975627,307
208,125,25,36,Louveira,26.416666666666668,-1.008221003957108,11.450000000000001,0.5285838761924511,308
987,212,14,776,Lucélia,29.666666666666668,0.9387027012086769,10.416666666666666,-0.9167136432414701,309
1,51,12,2,Lucianópolis,28.405,0.3645309909659279,10.570444444444444,-0.43378059838736954,310
146,718,37,425,Luís Antônio,28.082638888888884,-0.5411300974984737,11.062569444444444,0.1911323645750246,311
28,391,8,176,Luiziânia,29.187916666666666,0.9681627309578954,10.342499999999998,-0.9419417227067108,312
112,34,73,1,Lupércio,27.583333333333332,0.016475682972251795,10.625,-0.6535049892957814,313
75,356,25,10,Lutécia,28.383333333333333,0.32388468905106016,10.454166666666667,-0.16915406449036452,314
84,76,62,9,Macatuba,28.5,0.016475682972251795,10.308333333333334,-0.15293853134549487,315
5,100,667,50,Macaubal,29.333333333333332,0.5800588607834012,10.479166666666668,-0.9008506216867059,316
122,80,96,23,Macedônia,29.604166666666668,0.8554460953956677,10.771874999999998,-0.6681929722168585,317
5,156,19,17,Magda,29.390625,0.6505067580097963,10.421354166666665,-0.7771778054912446,318
30,10,5,22,Mairinque,24.833333333333332,-1.776743519154129,11.625,0.0761940022232975,319
32,42,18,10,Mairiporã,24.916666666666668,-1.8279783535005985,12.166666666666666,1.0526511068164564,320
14,5,0,0,Manduri,27.277777777777775,-0.23400572938825928,10.558333333333332,-0.24759442128132197,321
61,294,11,37,Marabá Paulista,30.53888888888889,1.194876872941018,10.556666666666668,-0.37682255901715733,322
246,23,11,379,Maracaí,29.0,0.682528529476338,10.575000000000001,0.0738439249559234,323
303,51,50,22,Marapoama,29.45,1.147057694217649,10.570555555555554,-0.8827941946823991,324
564,145,2,235,Mariápolis,29.66666666666667,0.8575808801601013,10.40138888888889,-0.6122807172306256,325
3273,1057,2917,1601,Marília,27.833333333333332,0.06771051731872131,10.508333333333333,-0.4090969534890713,326
53,203,12,2,Marinópolis,30.083333333333332,1.194876872941018,11.158333333333333,-0.9026131796372395,327
430,1513,104,1173,Martinópolis,29.416666666666668,0.682528529476338,10.458333333333334,-0.3127437855268094,328
1111,2678,12,26,Matão,28.916666666666668,0.17018018601165597,11.0,-0.5136753918871326,329
86,88,62,37,Mauá,24.083333333333332,-1.8279783535005985,12.525,1.796450561939768,330
22,513,31,17,Mendonça,29.444444444444443,1.27172912446072,10.525,-1.042051097501324,331
44,131,313,235,Meridiano,29.4453125,0.6921350609163008,10.573177083333333,-0.7394296893840785,332
1,64,184,122,Mesópolis,29.645833333333332,0.868254803982284,10.776041666666666,-0.7715963719812367,333
99,10,0,15,Miguelópolis,30.25,1.4510510446733589,11.983333333333334,1.1889555883240481,334
98,68,23,18,Mineiros do Tietê,27.770833333333332,-0.29093332310655656,10.591666666666665,-0.43230396650437103,335
13,40,174,30,Miracatu,27.916666666666668,0.6312936951298685,12.4,2.0631843317865157,336
47,153,142,95,Mira Estrela,29.659722222222225,0.9237592078576271,10.798263888888888,-0.6392086859192666,337
3014,625,595,1225,Mirandópolis,30.083333333333332,1.092407204248081,10.508333333333333,-1.3632283240421943,338
1153,167,49,209,Mirante do Paranapanema,30.0,0.7849981981692727,10.375,-0.046010015680059496,339
163,1361,372,92,Mirassol,29.316666666666663,0.6159232448259268,10.656666666666666,-0.8237680873168988,340
23,29,144,22,Mirassolândia,29.24666666666667,0.5103794860722025,10.738000000000001,-0.6888501513970587,341
180,27,9,2657,Mococa,28.583333333333332,-0.18846365441361973,11.575000000000001,0.42165536052701363,342
65,100,99,48,Mogi das Cruzes,24.916666666666668,-1.776743519154129,12.533333333333333,1.7905753687713366,343
729,2408,97,1822,Mogi Guaçu,27.666666666666668,-0.5983423291853649,11.549999999999999,0.7330405984538334,344
135,238,73,2674,Mogi Mirim,27.666666666666668,-0.5983423291853649,11.516666666666666,0.7588914483949284,345
95,6,115,0,Mombuca,27.916666666666668,-0.39340299179949123,10.730555555555554,-0.6444963597708553,346
4,254,73,45,Monções,29.340277777777775,0.5885979998411461,10.389583333333333,-0.851498999071888,347
39,23,496,79,Mongaguá,27.75,1.194876872941018,12.475,2.5473002488651955,348
27,12,3,7,Monte Alegre do Sul,26.111111111111114,-1.4693345130753206,11.872222222222222,0.9374973207152177,349
648,1560,17,258,Monte Alto,28.75,0.17018018601165597,11.025,-0.5853527485419886,350
42,939,170,99,Monte Aprazível,29.333333333333332,0.5800588607834012,10.633333333333335,-0.9460896090836223,351
509,405,5,22,Monte Azul Paulista,29.75,0.682528529476338,10.858333333333334,-0.5242507395903101,352
225,458,6,284,Monte Castelo,30.5,1.1692594557677831,10.229166666666668,-1.0248171975405946,353
8,5,1,1,Monteiro Lobato,27.833333333333336,-0.6393301966625371,12.66,0.6780487903973231,354
225,72,289,247,Monte Mor,27.916666666666668,-0.39340299179949123,11.008333333333333,-0.26809231744673756,355
584,1373,11,69,Morro Agudo,29.916666666666668,0.7337633638228054,11.641666666666666,0.7577164097612434,356
60,7,6,11,Morungaba,26.56666666666667,-1.0799497720421636,11.628333333333334,0.7753419892665351,357
5,359,5,10,Motuca,28.915972222222223,0.17900396303799262,11.136180555555555,-0.1847494383563433,358
92,249,197,19,Murutinga do Sul,29.885416666666664,1.015554952728379,10.443750000000001,-1.3381118732471564,359
218,7,2,196,Nantes,29.0,0.6142154170143809,10.541666666666666,-0.2729230318296672,360
1073,78,26,145,Narandiba,29.47222222222222,0.691067668534083,10.418055555555554,-0.1357046313847655,361
20,10,5,19,Natividade da Serra,28.333333333333336,0.9387027012086769,12.7,1.1907181462745755,362
24,6,7,2,Nazaré Paulista,25.64761904761905,-1.535207871520782,12.23,1.1847925943075601,363
19,442,83,12,Neves Paulista,29.421666666666663,0.8434059093242456,10.633833333333333,-0.9587565255547603,364
152,626,132,619,Nhandeara,29.333333333333332,0.5800588607834012,10.325,-0.8556116342897916,365
35,335,34,32,Nipoã,29.446111111111108,0.8898588257983752,10.619611111111112,-0.9965301008323235,366
18,666,337,25,Nova Aliança,29.43555555555555,0.961246028321122,10.584666666666667,-0.9795938773254605,367
0,0,1,1,Nova Campina,24.55,-2.0090081015247856,11.288333333333332,0.1936978655919043,368
28,51,0,2,Nova Canaã Paulista,30.083333333333332,1.194876872941018,11.158333333333333,-0.9026131796372395,369
10,206,11,33,Nova Castilho,29.387152777777775,0.6462371884809227,10.40642361111111,-0.8400423723934527,370
569,605,30,60,Nova Europa,28.866666666666667,0.3238846890510623,10.725,-0.6325109657072558,371
25,1219,320,193,Nova Granada,29.166666666666668,0.47758919209046435,10.825000000000001,-0.42319741709330194,372
95,88,114,64,Nova Guataporanga,30.541666666666664,1.2076855815276342,10.247916666666669,-1.0682936269869814,373
164,684,349,40,Nova Independência,30.081597222222225,1.0582506480171014,10.390625000000002,-1.2333620750483458,374
25,101,3,253,Novais,29.451388888888886,0.8405026020446158,10.610763888888888,-0.7539218325328734,375
4,323,262,132,Nova Luzitânia,29.416232638888886,0.7588470848049301,10.358897569444444,-0.8982802246755189,376
456,451,422,379,Nova Odessa,27.833333333333332,-0.39340299179949123,11.116666666666667,-0.10476194736436589,377
141,2173,632,373,Novo Horizonte,29.416666666666668,1.2973465416339547,10.491666666666667,-0.9108384500730389,378
765,146,8,47,Nuporanga,28.5,0.016475682972251795,11.733333333333334,0.9750985569931753,379
723,8,12,13,Ocauçu,27.708333333333332,0.042093100145486555,10.566666666666666,-0.5313009713924264,380
13,1,0,1,Óleo,27.672222222222224,-0.019957977007459427,10.571666666666667,-0.21855791104445432,381
388,1708,88,58,Olímpia,30.0,1.0411723699016138,10.799999999999999,-0.525425778223995,382
109,323,45,118,Onda Verde,29.225,0.47246570865581566,10.76527777777778,-0.591188773755961,383
34,205,250,201,Oriente,28.166666666666668,0.23849329847361314,10.46111111111111,-0.37815426946866776,384
16,880,113,3,Orindiúva,29.305555555555557,0.5715197217256541,10.837345679012348,-0.43346812515070665,385
1860,588,6,63,Orlândia,28.916666666666668,0.11894535166518864,11.674999999999999,0.8904957753677738,386
1184,441,188,259,Osasco,25.166666666666668,-1.264395175689449,12.116666666666667,1.0832021112922956,387
199,182,124,8,Oscar Bressane,28.304166666666667,0.30253684140669895,10.447569444444444,-0.31816854721899,388
4036,878,9,982,Osvaldo Cruz,29.583333333333332,0.8362330325157422,10.466666666666667,-0.8368110161508149,389
1857,1705,84,1654,Ourinhos,29.0,0.6312936951298685,10.466666666666667,0.07501896358960845,390
166,49,311,146,Ouroeste,29.541666666666668,0.7721894895826564,10.739583333333332,-0.7216572300495762,391
1272,525,54,681,Ouro Verde,30.729166666666664,1.303750895927262,10.2546875,-0.8683901794311285,392
986,453,48,239,Pacaembu,30.333333333333332,1.092407204248081,10.225,-0.9120134887067279,393
33,1023,516,32,Palestina,29.457609126984128,0.741344899429072,10.842013668430338,-0.5534392432504386,394
576,284,20,765,Palmares Paulista,29.3125,0.7465720724094217,10.601388888888888,-0.7649378197236827,395
78,943,102,72,Palmeira d'Oeste,29.840277777777775,1.0411723699016138,10.849305555555555,-0.9409977750043178,396
938,36,36,1550,Palmital,28.5,0.27264985470459285,10.541666666666666,0.13024577937285772,397
2087,155,276,696,Panorama,31.333333333333332,1.6559903820592305,10.316666666666666,-1.0988446314628186,398
317,2354,189,584,Paraguaçu Paulista,28.583333333333332,0.47758919209046435,10.450000000000001,-0.04718505431374454,399
29,25,11,7,Paraibuna,27.432291666666668,-0.08919616286733639,12.633333333333333,1.1006073710537725,400
327,107,12,51,Paraíso,29.583333333333332,0.8362330325157422,10.549999999999999,-0.6558550665631554,401
5,1,55,1,Paranapanema,27.333333333333332,-0.44463782614596076,10.625,-0.36797060131005666,402
24,474,15,26,Paranapuã,29.666666666666668,0.8874678668622096,10.783333333333333,-0.7815842003675676,403
831,150,21,901,Parapuã,29.138888888888893,0.6552032844915552,10.412777777777778,-0.5266008168576801,404
3,3,0,0,Pardinho,26.148148148148152,-1.1230249846223417,10.67006172839506,-0.5919895408248416,405
8,4,12,358,Pariquera-Açu,26.583333333333332,0.2214150203581255,13.216666666666667,4.052524738617106,406
1,80,46,295,Parisi,29.625,0.9130852840354443,10.683333333333332,-0.5765399587893427,407
181,1908,2,9,Patrocínio Paulista,27.555555555555557,-0.6324988854163446,11.75,0.9821487887952896,408
1345,679,158,483,Paulicéia,30.625,1.3485813759804222,10.454166666666666,-1.2609999629115032,409
780,5299,170,169,Paulínia,27.75,-0.39340299179949123,11.308333333333332,0.18194747925504784,410
7,19,0,1,Paulistânia,28.270833333333336,0.26624550041128575,10.521875,-0.2833678196846552,411
197,343,52,42,Paulo de Faria,29.58772156084656,0.8871486657117154,10.984786449147562,-0.45710950352760354,412
743,56,25,59,Pederneiras,28.666666666666668,0.3751195233975297,10.383333333333335,-0.3597453308742533,413
10,2,2,1,Pedra Bela,26.208333333333336,-1.4437170959020857,12.008333333333333,1.006237080785855,414
16,84,242,61,Pedranópolis,29.60546875,0.8751928544667033,10.720008680555557,-0.6316933346579836,415
250,164,0,3,Pedregulho,27.083333333333332,-0.5983423291853649,12.141666666666666,1.559092757935172,416
63,318,32,146,Pedreira,27.0,-0.7520468322247691,11.575000000000001,0.7823922210686514,417
124,15,11,23,Pedrinhas Paulista,28.87037037037037,0.6256009357580408,10.561111111111112,0.11366467865306559,418
3,1,44,32,Pedro de Toledo,26.902777777777782,0.4519717749172318,12.597916666666668,2.740887863764985,419
41,3287,70,713,Penápolis,29.5,1.092407204248081,10.291666666666666,-1.0941444769280744,420
31,233,575,220,Pereira Barreto,29.833333333333332,1.2461117072874852,10.558333333333334,-1.3644033626758814,421
22,26,195,0,Pereiras,27.868055555555554,-0.31228117075091777,10.73611111111111,-0.7727714106149217,422
152,58,351,407,Peruíbe,27.25,0.9387027012086769,12.541666666666666,2.3181677152964033,423
172,778,5,388,Piacatu,29.58940972222222,0.9680559917196752,10.348819444444445,-0.966491217360998,424
9,7,5,5,Piedade,24.583333333333332,-1.9816828565400026,11.441666666666668,-0.041309861145315305,425
29,2,2,6,Pilar do Sul,25.333333333333332,-1.52056934742179,11.450000000000001,-0.01780908847159234,426
2505,373,1237,1977,Pindamonhangaba,28.166666666666668,-0.5471074948388954,12.775,0.5603099193019733,427
101,472,45,402,Pindorama,29.25,0.7849981981692727,10.549999999999999,-0.8285857457150115,428
5,27,10,6,Pinhalzinho,26.18402777777778,-1.450121450195395,11.974305555555555,0.9890521407681953,429
237,101,2,57,Piquerobi,30.509722222222223,1.1756638100610923,10.3084375,-0.5624492871737208,430
9,9,8,251,Piquete,27.583333333333332,-1.008221003957108,12.708333333333334,0.6108365805504784,431
8,33,6,5,Piracaia,25.5,-1.7255086848076615,12.200000000000001,1.1889555883240461,432
3142,1445,5356,1427,Piracicaba,28.166666666666668,-0.29093332310655656,10.816666666666668,-0.4278975716280481,433
138,21,4,9,Piraju,27.583333333333332,0.016475682972251795,10.616666666666667,-0.22344084936666175,434
1097,78,43,24,Pirajuí,28.666666666666668,0.5288240264369338,10.408333333333333,-0.8203604752792102,435
233,237,33,199,Pirangi,29.479166666666668,0.6953372380629543,10.776388888888889,-0.5980823337402559,436
22,20,4,10,Pirapora do Bom Jesus,25.583333333333332,-1.2131603413429817,11.808333333333332,0.40520481965540894,437
2601,470,49,730,Pirapozinho,29.5,0.682528529476338,10.424999999999999,-0.09536163829487751,438
548,84,23,798,Pirassununga,28.333333333333332,-0.6495771635318323,10.875,0.28065072448467987,439
355,97,14,8,Piratininga,28.399305555555557,0.32139410682588593,10.502719907407407,-0.43870139906554806,440
238,795,42,112,Pitangueiras,30.0,0.8874678668622096,11.35,0.2030981746613967,441
69,488,103,35,Planalto,29.486527777777777,0.9777265667025689,10.491361111111111,-1.0214174190937961,442
270,131,2,24,Platina,28.208333333333332,0.20433674224263565,10.509722222222221,-0.08077157525994351,443
71,50,30,23,Poá,24.916666666666668,-1.776743519154129,12.441666666666668,1.7083226644133094,444
5,463,24,8,Poloni,29.333333333333332,0.5800588607834012,10.556250000000002,-0.9234701153851631,445
251,142,90,488,Pompéia,28.583333333333332,0.47758919209046435,10.4,-0.4349478034301624,446
46,22,123,7,Pongaí,28.967592592592595,0.864696829374892,10.51574074074074,-0.8844980007012424,447
620,306,19,172,Pontal,30.166666666666668,0.8362330325157422,11.416666666666666,0.48040729221131806,448
10,269,8,212,Pontalinda,29.575,0.8311095490810957,10.62,-0.8774673528763535,449
9,106,25,50,Pontes Gestal,29.729021825396824,1.0350034518708964,10.893402733686068,-0.5188668213706343,450
14,222,23,94,Populina,29.604166666666668,0.829828678222433,10.761458333333334,-0.7516207152085729,451
3,9,76,0,Porangaba,27.583333333333332,-0.39340299179949123,10.783333333333333,-0.8203604752792102,452
3021,1475,449,44,Porto Feliz,27.75,-0.44463782614596076,10.833333333333334,-0.7639586208622758,453
57,94,235,119,Porto Ferreira,28.583333333333332,-0.23969848876008706,10.891666666666666,0.22424887006774555,454
2376,55,60,2307,Potim,27.944444444444443,-0.5812640510698751,12.908333333333333,0.7052313507899266,455
528,331,1551,99,Potirendaba,29.398531746031743,0.9486325000558284,10.591857142857142,-0.90082488274521,456
446,17,0,45,Pracinha,29.593750000000004,0.8415699944268314,10.42951388888889,-0.6796251189237629,457
1318,124,11,78,Pradópolis,29.333333333333332,0.426354357743997,11.216666666666667,0.07031880905486426,458
287,226,3274,400,Praia Grande,27.833333333333332,1.2461117072874852,12.508333333333333,2.75410704839395,459
12,0,2,0,Pratânia,26.770833333333336,-0.8032816665712365,10.535416666666666,-0.41614718529118766,460
93,3,4,3,Presidente Alves,28.245833333333334,0.30851423874712064,10.52,-0.6720705997080211,461
1769,176,78,431,Presidente Bernardes,30.0,0.8874678668622096,10.241666666666667,-0.34094471273527455,462
960,391,21,989,Presidente Epitácio,31.0,1.3998162103268894,10.825000000000001,-0.6429296415926059,463
36159,7607,2155,6426,Presidente Prudente,29.583333333333332,0.7337633638228054,10.375,-0.26691727881304855,464
512,913,60,523,Presidente Venceslau,30.5,1.1436420385945507,10.208333333333334,-0.47842423287654917,465
125,172,33,146,Promissão,29.25,1.2461117072874852,10.424999999999999,-1.1293956359386579,466
4,1,127,0,Quadra,27.469166666666666,-0.524848805695042,10.792185185185186,-0.7993246725392644,467
170,623,16,482,Quatá,28.583333333333332,0.3751195233975297,10.475,-0.2821927810509682,468
89,584,61,158,Queiroz,28.780361111111112,0.6764657407453376,10.350166666666665,-0.6492129648464696,469
36,71,12,102,Queluz,26.0,-1.5718041817682573,12.816666666666666,1.1349038111744838,470
196,513,69,53,Quintana,28.573148148148146,0.45481815460314456,10.390277777777778,-0.3478904966588413,471
29,50,104,2,Rafard,28.020833333333336,-0.3293594488664076,10.740972222222222,-0.6994294158956813,472
3360,276,53,2109,Rancharia,28.583333333333332,0.5288240264369338,10.616666666666667,-0.3197940173289237,473
9,4,4,1,Redenção da Serra,27.615625,-0.2941355002532079,12.641666666666666,0.9337518850703417,474
614,1043,105,473,Regente Feijó,29.25,0.682528529476338,10.433333333333334,-0.1658639563160444,475
260,89,5,0,Reginópolis,28.860590277777778,0.6912811470105257,10.449953703703704,-0.7206486552223291,476
69,6,9,603,Registro,28.083333333333332,0.6312936951298685,12.575000000000001,2.7388315461560326,477
35,79,8,1,Restinga,27.416666666666668,-0.6239597463585997,11.825,1.12609102142184,478
1,4,0,0,Ribeira,23.38619791666667,-2.4707353612627734,11.713398437499999,0.6799398681984122,479
35,582,3,3,Ribeirão Bonito,27.666666666666668,-0.3421681574530239,10.833333333333334,-0.2645672015456784,480
0,2,0,0,Ribeirão Branco,24.0,-2.289091862618811,11.299999999999999,0.13142081800654476,481
6,105,29,1,Ribeirão Corrente,27.860243055555557,-0.16177884485816713,12.036762152777778,1.3802482058924168,482
1411,37,4,78,Ribeirão do Sul,28.0,0.11894535166518864,10.516666666666666,-0.2742612702735901,483
222,26,24,10,Ribeirão dos Índios,30.5,1.194876872941018,10.241666666666667,-0.6100285598493945,484
0,3,0,1,Ribeirão Grande,25.08420138888889,-1.2918805295315645,11.970789930555556,1.2948192252277049,485
43,33,31,17,Ribeirão Pires,23.833333333333332,-1.8279783535005985,12.591666666666667,1.9527307002200192,486
12124,7460,354,17758,Ribeirão Preto,29.833333333333332,0.5288240264369338,11.383333333333333,0.38287908561537104,487
3,2,287,0,Riversul,26.694444444444446,-0.8715947790331958,10.950000000000001,-0.05188520884849074,488
27,16,10,6,Rifaina,28.291666666666664,0.14456276883842123,12.166666666666668,1.5232540796077463,489
206,491,22,35,Rincão,28.15185185185185,-0.3508021758336327,11.065138888888887,-0.02336223401449494,490
108,732,9,726,Rinópolis,29.293185763888893,0.7641573619064643,10.37095486111111,-0.7220574775841748,491
699,365,194,1178,Rio Claro,27.833333333333332,-0.6495771635318323,10.875,-0.028384436174767772,492
221,21,57,11,Rio das Pedras,27.333333333333332,-0.7008119978782996,10.791666666666666,-0.5442263963629739,493
27,15,15,2,Rio Grande da Serra,23.75,-1.776743519154129,12.591666666666667,2.0467337909149093,494
5,459,13,26,Riolândia,30.0,1.3485813759804222,11.275,-0.38442114218166135,495
2346,672,1328,876,Rosana,30.25,1.2461117072874852,10.924999999999999,0.023317263707422344,496
158,46,16,244,Roseira,27.705555555555556,-0.7076433091244942,12.844583333333333,0.709148146235548,497
91,116,145,111,Rubiácea,29.842592592592595,1.0240940917861217,10.403703703703703,-1.0682936269869794,498
5,99,93,17,Rubinéia,30.0,1.2461117072874852,10.963888888888889,-1.001708104411436,499
34,10,10,361,Sabino,29.211458333333336,1.170326848150001,10.510069444444444,-1.0473681473187548,500
521,21,3,339,Sagres,29.504050925925927,0.806950901496893,10.437604166666668,-0.691542785066113,501
85,44,18,34,Sales,29.364513888888887,1.261695636067872,10.502013888888888,-1.0083333639077006,502
319,54,2,16,Sales Oliveira,29.194444444444443,0.2982672718778276,11.594444444444443,0.7827839006132158,503
0,0,2,1,Salesópolis,26.823660714285715,-0.2255174185391907,12.523809523809524,1.2377721487038817,504
542,89,6,284,Salmourão,29.74351851851852,0.9557809793241645,10.419074074074075,-0.9719404590247194,505
58,97,59,21,Saltinho,27.916666666666668,-0.39340299179949123,10.775,-0.5822193121854917,506
1821,599,122,84,Salto,27.333333333333332,-0.44463782614596076,11.174999999999999,-0.3738457944784879,507
87,14,43,18,Salto de Pirapora,26.333333333333332,-1.008221003957108,11.191666666666668,-0.3985216057858939,508
1829,138,14,172,Salto Grande,28.388888888888886,0.3068064109355725,10.502777777777778,-0.11288929791403016,509
727,65,0,244,Sandovalina,29.75,0.7593807809960401,10.366666666666665,-0.14441950125127226,510
524,316,12,270,Santa Adélia,29.25,0.6312936951298685,10.566666666666666,-0.8332859002497577,511
29,648,83,47,Santa Albertina,29.666666666666668,0.8874678668622096,10.783333333333333,-0.7815842003675676,512
944,5974,653,1249,Santa Bárbara d'Oeste,28.0,-0.3421681574530239,10.975,-0.27279247198147977,513
63,12,9,5,Santa Branca,26.0,-1.3156300100359164,12.658333333333333,1.3205599152968914,514
0,167,39,66,Santa Clara d'Oeste,30.041666666666664,1.2204942901142506,11.06111111111111,-0.9521606420243377,515
3,8,1,8,Santa Cruz da Conceição,27.768749999999997,-0.8020007957125738,10.929375,0.1303339072703841,516
75,19,17,22,Santa Cruz da Esperança,28.11111111111111,-0.5300292167234056,11.405555555555557,0.45416476272566264,517
142,121,1,1063,Santa Cruz das Palmeiras,28.0,-0.6495771635318323,11.258333333333333,0.23129910186986186,518
2443,2136,18,47,Santa Cruz do Rio Pardo,28.416666666666668,0.426354357743997,10.591666666666667,-0.19994007669294078,519
856,141,4,133,Santa Ernestina,29.027777777777775,0.3295774484228901,11.066666666666665,-0.42489469511973876,520
139,1049,630,108,Santa Fé do Sul,30.083333333333332,1.194876872941018,11.158333333333333,-0.9026131796372395,521
47,336,40,97,Santa Gertrudes,27.75,-0.7008119978782996,10.875,-0.0037086248673617677,522
60,55,65,20,Santa Isabel,25.916666666666668,-1.3156300100359164,12.391666666666666,1.4897654785476924,523
34,719,2,10,Santa Lúcia,27.66296296296296,-0.613309542367134,10.987118055555555,-0.09469360707164982,524
239,13,6,10,Santa Maria da Serra,27.333333333333332,-0.6324988854163425,10.772222222222222,-0.47858090469437453,525
510,575,47,22,Santa Mercedes,30.7625,1.352423988556406,10.308020833333334,-1.0816596914451588,526
20,143,2,3,Santana da Ponte Pensa,29.840277777777775,1.0411723699016138,10.849305555555555,-0.9409977750043178,527
81,132,74,37,Santana de Parnaíba,25.416666666666668,-1.264395175689449,11.958333333333334,0.7201151734832878,528
2,225,128,7,Santa Rita d'Oeste,29.907986111111107,1.0860028499547718,10.963020833333331,-0.8943389492583647,529
42,800,36,524,Santa Rita do Passa Quatro,28.0,-0.7520468322247691,11.041666666666666,0.2207237541666884,530
183,486,11,513,Santa Rosa de Viterbo,28.416666666666668,-0.3421681574530239,11.241666666666667,0.2547998745435848,531
6,471,22,26,Santa Salete,29.840277777777775,1.0411723699016138,10.849305555555555,-0.9409977750043178,532
1203,149,15,536,Santo Anastácio,30.309722222222224,1.0475767241949208,10.344687500000001,-0.3872510268911222,533
283,155,112,42,Santo André,24.583333333333332,-1.5718041817682573,12.516666666666666,1.6953972394427617,534
55,34,0,9,Santo Antônio da Alegria,28.083333333333332,-0.5214900776656628,11.570833333333333,0.48373656834009904,535
58,242,11,27,Santo Antônio de Posse,27.416666666666668,-0.6495771635318323,11.549999999999999,0.8129432255444886,536
14,392,190,83,Santo Antônio do Aracanguá,29.59852430555555,0.9716139663270694,10.402628279320988,-1.049762288534889,537
4,4,0,4,Santo Antônio do Jardim,26.416666666666668,-1.4180996787288531,11.833333333333334,0.7212902121169729,538
4,2,3,2,Santo Antônio do Pinhal,25.75,-2.063658591494349,12.622777777777777,0.5584298574880753,539
107,231,3,100,Santo Expedito,29.965555555555557,0.8990810959807419,10.286111111111111,-0.4561611675636446,540
166,175,182,44,Santópolis do Aguapeí,29.18810416666667,0.8526922230495411,10.303541666666666,-0.8257850411316203,541
703,418,4431,380,Santos,27.833333333333332,1.2461117072874852,12.558333333333332,2.6930050394422715,542
4,0,7,0,São Bento do Sapucaí,23.5,-3.534098337237984,12.528055555555554,0.49768036012650224,543
91,221,291,104,São Bernardo do Campo,24.583333333333332,-1.52056934742179,12.525,1.7388736688891486,544
67,112,87,9,São Caetano do Sul,24.666666666666668,-1.52056934742179,12.483333333333334,1.5849436078762673,545
696,4276,123,634,São Carlos,26.666666666666668,-1.3668648443823859,10.875,-0.001358547599987668,546
15,391,8,68,São Francisco,29.743055555555554,0.9643201183819117,10.77986111111111,-0.8909607131865162,547
221,88,36,1793,São João da Boa Vista,27.083333333333332,-1.1619255069965122,11.616666666666667,0.698964478076937,548
15,68,34,95,São João das Duas Pontes,29.552777777777777,0.7918295094154695,10.69972222222222,-0.7735939376585033,549
7,227,49,164,São João de Iracema,29.48006365740741,0.7303121284536336,10.578764467592592,-0.8023774881895056,550
490,192,22,158,São João do Pau d'Alho,30.40457175925926,1.1962289032918254,10.370260416666667,-1.1820479747154622,551
490,26,2,81,São Joaquim da Barra,29.333333333333332,0.7337633638228054,11.758333333333333,1.1196283089365662,552
107,15,3,17,São José da Bela Vista,28.277653769841272,-0.034606666748186604,11.871918402777778,1.188501834565949,553
3,0,1,6,São José do Barreiro,23.916666666666668,-2.5452660343511497,13.041666666666666,1.4627395899729123,554
104,431,7,665,São José do Rio Pardo,27.666666666666668,-0.7520468322247691,11.558333333333332,0.5485595329651128,555
9722,20250,21188,7264,São José do Rio Preto,29.25,0.426354357743997,10.683333333333332,-0.7369327322874958,556
1048,1696,621,454,São José dos Campos,27.416666666666668,-0.7008119978782996,12.641666666666666,0.9562979388541945,557
2,7,5,4,São Lourenço da Serra,24.583333333333332,-1.6742738504611943,12.475,1.775299866533417,558
16,12,0,9,São Luiz do Paraitinga,27.116493055555555,-0.4622498004525584,12.803819444444443,1.1065682441225735,559
145,109,4,26,São Manuel,26.666666666666668,-0.8032816665712365,10.549999999999999,-0.4807743101439233,560
7,6,15,7,São Miguel Arcanjo,25.416666666666668,-1.452256234959833,11.297222222222224,-0.24028306978283076,561
14517,12063,7628,2189,São Paulo,25.083333333333332,-1.3156300100359164,12.308333333333332,1.3064594516926569,562
25,268,33,959,São Pedro,27.916666666666668,-0.39340299179949123,10.891666666666666,-0.33624455820053034,563
875,178,1,41,São Pedro do Turvo,28.06423611111111,0.2032693498604178,10.550347222222223,-0.34493494809550235,564
81,37,9,12,São Roque,24.916666666666668,-1.776743519154129,11.725,0.1713721315518704,565
815,1094,413,363,São Sebastião,27.75,0.8874678668622096,12.075000000000001,0.23364917913723393,566
7,5,1,38,São Sebastião da Grama,27.48888888888889,-0.8784260902793904,11.565555555555557,0.5509879461413966,567
80,44,2,477,São Simão,28.416666666666668,-0.39340299179949123,11.066666666666668,0.30415149715840084,568
244,172,6120,267,São Vicente,27.916666666666668,1.2461117072874852,12.566666666666668,2.653053725896946,569
5,0,3,6,Sarapuí,26.425925925925927,-0.9683716883543005,11.045370370370371,-0.570991165241381,570
35,66,0,0,Sarutaiá,27.791666666666664,0.06771051731871913,10.649999999999999,-0.1735017074350012,571
23,186,24,93,Sebastianópolis do Sul,29.367708333333333,0.6191254219725847,10.575416666666666,-0.7637970530501431,572
173,157,3,18,Serra Azul,28.422222222222224,-0.2977646343527512,11.337777777777779,0.44061265048381576,573
358,320,33,402,Serrana,29.5,0.47758919209046435,11.366666666666667,0.49215767854818054,574
16,17,2,11,Serra Negra,25.166666666666668,-2.084152525232937,11.825000000000001,0.9292720502794144,575
103,3396,68,2424,Sertãozinho,29.833333333333332,0.5800588607834012,11.383333333333333,0.33822761753529923,576
70,1,4,396,Sete Barras,26.59111111111111,-0.42619328578123156,12.104222222222223,1.519392119298366,577
103,323,21,49,Severínia,29.833333333333332,0.8874678668622096,10.783333333333333,-0.5454014349966589,578
1,1,1,14,Silveiras,26.61904761904762,-1.2936722238874285,12.811904761904762,1.0289824714807787,579
17,59,17,35,Socorro,26.5,-1.264395175689449,12.033333333333333,1.0079996387363845,580
4670,1104,1229,1871,Sorocaba,26.833333333333332,-0.7008119978782996,11.008333333333333,-0.6065034439483374,581
16,156,826,118,Sud Mennucci,29.837022569444443,1.0893532760434037,10.769766750257203,-1.0298886316436222,582
731,1006,349,683,Sumaré,27.833333333333332,-0.39340299179949123,11.108333333333334,-0.08713636785907418,583
505,450,77,35,Suzano,24.916666666666668,-1.6742738504611943,12.466666666666667,1.7905753687713366,584
46,377,42,19,Suzanápolis,29.91740451388889,1.225006987907962,10.805064461162553,-1.0997022464656012,585
67,202,667,245,Tabapuã,29.57986111111111,0.876793943040029,10.661979166666667,-0.6960266998523,586
1684,105,4,19,Tabatinga,29.166666666666668,0.5288240264369338,10.5,-0.8532615570224216,587
88,156,87,82,Taboão da Serra,25.0,-1.5718041817682573,12.316666666666668,1.3264351084653205,588
285,114,0,28,Taciba,29.31666666666667,0.6739893904185932,10.4525,-0.2126566059063892,589
15,3,7,9,Taguaí,27.604166666666668,-0.191025396130943,10.712916666666667,-0.12767520072124433,590
25,22,1,4,Taiaçu,29.298611111111114,0.5160153178503154,10.986574074074076,-0.49324277564581376,591
39,56,0,70,Taiúva,29.220486111111114,0.4231521805973413,11.111226851851853,-0.413389108498228,592
132,23,10,524,Tambaú,27.75,-0.7520468322247691,11.341666666666667,0.20427321329508175,593
84,1582,859,545,Tanabi,29.25,0.47758919209046435,10.758333333333333,-0.7627835822285908,594
0,4,1,1,Tapiraí,26.07253968253968,-0.8787188607613713,11.835920634920637,0.80889437813813,595
6,1,2,289,Tapiratiba,27.63888888888889,-0.7349685541092793,11.580555555555556,0.4455478127452969,596
3,222,1,6,Taquaral,29.513454861111114,0.5792583164967362,11.223640046296296,-0.19631296091048475,597
6602,507,15,357,Taquaritinga,29.25,0.5288240264369338,10.9,-0.647629796127352,598
27,10,6,5,Taquarituba,27.333333333333332,-0.39340299179949123,10.591666666666667,-0.16703899494972946,599
0,8,4,1,Taquarivaí,25.472222222222218,-1.3839431224978735,11.152777777777777,-0.12904607912721155,600
1223,217,15,354,Tarabai,29.7,0.7593807809960401,10.361666666666666,-0.19682622431367341,601
601,731,18,153,Tarumã,28.75,0.5800588607834012,10.549999999999999,0.1737222088192445,602
39,24,20102,336,Tatuí,27.25,-0.7008119978782996,10.85,-0.8509114797550494,603
1590,1538,232,2192,Taubaté,27.75,-0.7008119978782996,12.666666666666666,0.6049613873820492,604
4,0,0,1,Tejupá,27.5375,-0.1684820690184957,10.640916666666666,-0.17843686969648442,605
408,3633,538,382,Teodoro Sampaio,30.25,1.2461117072874852,10.924999999999999,0.023317263707422344,606
61,176,2,6,Terra Roxa,29.855555555555554,0.7815825425461765,11.312222222222221,0.07392226086483508,607
514,283,546,13,Tietê,28.25,-0.18846365441361973,10.716666666666667,-0.7745339685654513,608
6,1,20,2,Timburi,27.925,0.11894535166518647,10.629999999999999,-0.14248068750568993,609
2,1,13,2,Torre de Pedra,27.122222222222224,-0.623390470421414,10.77462962962963,-0.7419984543971624,610
180,12,2,6,Torrinha,27.541666666666668,-0.5172205081367893,10.815972222222221,-0.3950356578392916,611
82,21,1,89,Trabiju,28.09567901234568,-0.08409639926340477,10.805864197530866,-0.40311296044714956,612
542,311,65,241,Tremembé,28.25,-0.5471074948388954,12.641666666666666,0.5473844943314278,613
9,316,30,8,Três Fronteiras,29.95104166666666,1.1116202671280067,10.995659722222221,-0.916312171708297,614
7,1,4,4,Tuiuti,26.28902777777778,-1.3363801179462367,11.843305555555556,0.9163172493430247,615
4224,3096,179,666,Tupã,28.666666666666668,0.5800588607834012,10.25,-0.5348260872934835,616
1190,1295,217,810,Tupi Paulista,30.583333333333332,1.2461117072874852,10.266666666666667,-1.1117700564333661,617
6,54,354,116,Turiúba,29.442457837301585,0.8429515051386716,10.376227430555556,-0.9538816539660295,618
12,112,4,67,Turmalina,29.600694444444443,0.8266265010757795,10.760243055555556,-0.7499560771441823,619
13,574,16,166,Ubarana,29.390972222222217,1.239707352994176,10.476666666666665,-1.0981200243053781,620
821,191,783,338,Ubatuba,28.25,0.9387027012086769,12.858333333333334,1.5414671784298803,621
33,10,0,1,Ubirajara,28.123847222222224,0.2511909982524787,10.581269444444445,-0.44456804056392485,622
61,374,87,56,Uchoa,29.428819444444443,0.7398119206553739,10.685329861111112,-0.7197681922461169,623
3,54,102,9,União Paulista,29.39982638888889,0.7569257785169371,10.555868055555557,-0.9662219376741115,624
20,1672,202,686,Urânia,29.71666666666666,0.9335792177740304,10.795833333333333,-0.8353422178587065,625
53,3,5,0,Uru,28.92939814814815,0.8049228559706775,10.456018518518517,-0.8590143503331769,626
29,109,36,183,Urupês,29.583333333333332,1.3485813759804222,10.625,-0.913188527340413,627
52,374,70,311,Valentim Gentil,29.496614583333333,0.7626896973809183,10.576241319444446,-0.6700289700819944,628
513,1143,215,131,Valinhos,26.75,-1.008221003957108,11.366666666666667,0.4992079103502988,629
96,286,638,1454,Valparaíso,29.916666666666668,1.092407204248081,10.5,-1.3033013537242029,630
15,6,11,8,Vargem,25.71875,-1.7319130391009687,12.097916666666668,1.1112561586715521,631
276,10,56,213,Vargem Grande do Sul,27.583333333333332,-0.8545165009177038,11.566666666666668,0.601436271480988,632
10,20,13,12,Vargem Grande Paulista,24.166666666666668,-2.03291769088647,12.033333333333333,0.6801638599379582,633
404,767,55,31,Várzea Paulista,25.666666666666668,-1.3156300100359164,11.808333333333335,0.7436159461570088,634
47,1111,17,267,Vera Cruz,27.747222222222224,0.06941834513026943,10.567777777777778,-0.5750124085655501,635
140,221,27,28,Vinhedo,26.416666666666668,-1.008221003957108,11.350000000000001,0.529758914826136,636
1598,304,5,30,Viradouro,30.083333333333332,0.8362330325157422,11.491666666666667,0.13377089527391486,637
393,147,19,26,Vista Alegre do Alto,29.15277777777778,0.47758919209046435,10.875462962962963,-0.6064381640242447,638
11,85,174,160,Vitória Brasil,29.62934027777778,0.8530444625356771,10.770269097222222,-0.7636893411753893,639
3144,657,326,179,Votorantim,26.5,-0.9057513352641733,11.125,-0.49487477374815586,640
1107,10041,1091,9260,Votuporanga,29.416666666666668,0.682528529476338,10.483333333333333,-0.6253040620873141,641
2,153,27,11,Zacarias,29.511402706916098,1.0974779715691543,10.391488839285714,-1.0677561267466689,642
157,113,10,16,Chavantes,28.333333333333332,0.3751195233975297,10.566666666666666,-0.06951078835378245,643
264,71,11,17,Estiva Gerbi,27.491666666666667,-0.7469233487901205,11.591666666666665,0.7331581023172019,644
